Position_Id,Position,Prev_Position,Competition
1,3.0,2.82,0.4554
2,2.869565217391304,2.869565217391304,0.5252173913043479
3,2.5,2.5,0.3225
4,4.0,2.25,0.23
5,4.0,3.333333333333333,0.41
7,4.0,4.0,0.46
8,2.608695652173913,2.478260869565217,0.4069565217391304
9,2.555555555555555,2.555555555555555,0.4244444444444444
10,1.666666666666667,1.666666666666667,0.3108333333333334
11,2.120689655172414,2.0,0.2855172413793103
